[{"model": "recipes.ingredientcategory", "pk": 1, "fields": {"name": "Groente"}}, {"model": "recipes.ingredientcategory", "pk": 2, "fields": {"name": "Overig"}}, {"model": "recipes.ingredientcategory", "pk": 3, "fields": {"name": "Brood"}}, {"model": "recipes.ingredientcategory", "pk": 4, "fields": {"name": "Vis"}}, {"model": "recipes.ingredientcategory", "pk": 5, "fields": {"name": "Vlees"}}, {"model": "recipes.ingredientcategory", "pk": 6, "fields": {"name": "Kruiden"}}, {"model": "recipes.ingredientcategory", "pk": 7, "fields": {"name": "Fruit"}}, {"model": "recipes.ingredientcategory", "pk": 8, "fields": {"name": "Zuivel"}}, {"model": "recipes.ingredientcategory", "pk": 9, "fields": {"name": "Kaas"}}, {"model": "recipes.ingredientcategory", "pk": 10, "fields": {"name": "Vleeswaren"}}, {"model": "recipes.ingredientcategory", "pk": 11, "fields": {"name": "Aziatisch"}}, {"model": "recipes.ingredientcategory", "pk": 12, "fields": {"name": "Vriesafdeling"}}, {"model": "recipes.ingredientcategory", "pk": 13, "fields": {"name": "Noten"}}, {"model": "recipes.ingredient", "pk": 1, "fields": {"name": "Pompoen", "amount": "1.00", "store": "SL", "category": 1, "description_of_amount": "Per stuk", "price": "1.00"}}, {"model": "recipes.ingredient", "pk": 2, "fields": {"name": "Rode peper", "amount": "6.00", "store": "SL", "category": 1, "description_of_amount": "Per stuk", "price": "1.00"}}, {"model": "recipes.ingredient", "pk": 3, "fields": {"name": "Knoflook", "amount": "16.00", "store": "SL", "category": 1, "description_of_amount": "Per teen", "price": "1.00"}}, {"model": "recipes.ingredient", "pk": 4, "fields": {"name": "Citroengras", "amount": "3.00", "store": "SL", "category": 1, "description_of_amount": "Per stuk", "price": "1.00"}}, {"model": "recipes.ingredient", "pk": 5, "fields": {"name": "Ui", "amount": "8.00", "store": "SL", "category": 1, "description_of_amount": "Per stuk", "price": "1.00"}}, {"model": "recipes.ingredient", "pk": 6, "fields": {"name": "Groentebouillon blokjes", "amount": "10.00", "store": "AH", "category": 2, "description_of_amount": "Per stuk", "price": "1.00"}}, {"model": "recipes.ingredient", "pk": 7, "fields": {"name": "Stokbrood", "amount": "2.00", "store": "SL", "category": 3, "description_of_amount": "Per stuk", "price": "1.00"}}, {"model": "recipes.ingredient", "pk": 8, "fields": {"name": "Hollandse garnalen", "amount": "1.00", "store": "SL", "category": 4, "description_of_amount": "Per doos", "price": "1.00"}}, {"model": "recipes.ingredient", "pk": 9, "fields": {"name": "Gember", "amount": "16.00", "store": "SL", "category": 1, "description_of_amount": "Per cm", "price": "1.00"}}, {"model": "recipes.ingredient", "pk": 10, "fields": {"name": "Gehakt", "amount": "500.00", "store": "SL", "category": 5, "description_of_amount": "Per gram", "price": "1.00"}}, {"model": "recipes.ingredient", "pk": 11, "fields": {"name": "Komijnzaad", "amount": "999.00", "store": "SL", "category": 6, "description_of_amount": "Per theelepel", "price": "1.00"}}, {"model": "recipes.ingredient", "pk": 12, "fields": {"name": "Korianderzaad", "amount": "999.00", "store": "SL", "category": 6, "description_of_amount": "Per theelepel", "price": "1.00"}}, {"model": "recipes.ingredient", "pk": 13, "fields": {"name": "Tomatenpuree", "amount": "1.00", "store": "AH", "category": 2, "description_of_amount": "Per blik", "price": "1.00"}}, {"model": "recipes.ingredient", "pk": 14, "fields": {"name": "Tomaten", "amount": "10.00", "store": "SL", "category": 1, "description_of_amount": "Per stuk", "price": "1.00"}}, {"model": "recipes.ingredient", "pk": 15, "fields": {"name": "Koriander (vers)", "amount": "15.00", "store": "SL", "category": 1, "description_of_amount": "Per takje", "price": "1.00"}}, {"model": "recipes.ingredient", "pk": 16, "fields": {"name": "Citroen", "amount": "6.00", "store": "SL", "category": 1, "description_of_amount": "Per stuk", "price": "1.00"}}, {"model": "recipes.ingredient", "pk": 17, "fields": {"name": "Komkommer", "amount": "1.00", "store": "SL", "category": 1, "description_of_amount": "Per stuk", "price": "1.00"}}, {"model": "recipes.ingredient", "pk": 18, "fields": {"name": "Creme fraiche", "amount": "250.00", "store": "SL", "category": 8, "description_of_amount": "Per ml", "price": "1.00"}}, {"model": "recipes.ingredient", "pk": 19, "fields": {"name": "Geraspte kaas", "amount": "1.00", "store": "AH", "category": 9, "description_of_amount": "Per zak", "price": "1.00"}}, {"model": "recipes.ingredient", "pk": 20, "fields": {"name": "Serranoham", "amount": "6.00", "store": "SL", "category": 10, "description_of_amount": "Per plakje", "price": "1.00"}}, {"model": "recipes.ingredient", "pk": 21, "fields": {"name": "Pistachenoten", "amount": "100.00", "store": "AH", "category": 2, "description_of_amount": "Per gram", "price": "1.00"}}, {"model": "recipes.ingredient", "pk": 22, "fields": {"name": "Rucola", "amount": "400.00", "store": "SL", "category": 1, "description_of_amount": "Per gram", "price": "1.00"}}, {"model": "recipes.ingredient", "pk": 23, "fields": {"name": "Cherrytomaten", "amount": "12.00", "store": "SL", "category": 1, "description_of_amount": "Per stuk", "price": "1.00"}}, {"model": "recipes.ingredient", "pk": 24, "fields": {"name": "Augurken", "amount": "20.00", "store": "AH", "category": 2, "description_of_amount": "Per stuk", "price": "1.00"}}, {"model": "recipes.ingredient", "pk": 25, "fields": {"name": "Lamsgehakt", "amount": "400.00", "store": "SL", "category": 5, "description_of_amount": "gram", "price": "1.00"}}, {"model": "recipes.ingredient", "pk": 26, "fields": {"name": "Couscous", "amount": "200.00", "store": "SL", "category": 2, "description_of_amount": "Per gram", "price": "1.00"}}, {"model": "recipes.ingredient", "pk": 27, "fields": {"name": "Olijfolie", "amount": "1.00", "store": "SL", "category": 2, "description_of_amount": "Per liter", "price": "1.00"}}, {"model": "recipes.ingredient", "pk": 28, "fields": {"name": "Sumak", "amount": "1.00", "store": "SL", "category": 6, "description_of_amount": "Per gram", "price": "1.00"}}, {"model": "recipes.ingredient", "pk": 29, "fields": {"name": "Verse munt", "amount": "1.00", "store": "SL", "category": 1, "description_of_amount": "Per stuk", "price": "1.00"}}, {"model": "recipes.ingredient", "pk": 30, "fields": {"name": "Flespompoen", "amount": "1.00", "store": "SL", "category": 1, "description_of_amount": "Per stuk", "price": "1.00"}}, {"model": "recipes.ingredient", "pk": 31, "fields": {"name": "Honing", "amount": "1.00", "store": "AH", "category": 2, "description_of_amount": "Per stuk", "price": "1.00"}}, {"model": "recipes.ingredient", "pk": 32, "fields": {"name": "Griekse Yoghurt", "amount": "1.00", "store": "SL", "category": 8, "description_of_amount": "Per stuk", "price": "1.00"}}, {"model": "recipes.ingredient", "pk": 33, "fields": {"name": "Little gem", "amount": "1.00", "store": "SL", "category": 1, "description_of_amount": "Per stuk", "price": "1.00"}}, {"model": "recipes.ingredient", "pk": 34, "fields": {"name": "tarwemeel", "amount": "1.00", "store": "AH", "category": 2, "description_of_amount": "Per stuk", "price": "1.00"}}, {"model": "recipes.ingredient", "pk": 35, "fields": {"name": "Havermout", "amount": "1.00", "store": "AH", "category": 2, "description_of_amount": "Per stuk", "price": "1.00"}}, {"model": "recipes.ingredient", "pk": 36, "fields": {"name": "Zwart sesamstraat", "amount": "50.00", "store": "AH", "category": 2, "description_of_amount": "Per gram", "price": "1.00"}}, {"model": "recipes.ingredient", "pk": 37, "fields": {"name": "Zonnebloempitten", "amount": "100.00", "store": "AH", "category": 2, "description_of_amount": "Per gram", "price": "1.00"}}, {"model": "recipes.ingredient", "pk": 38, "fields": {"name": "Zout", "amount": "999.00", "store": "AH", "category": 6, "description_of_amount": "Per gram", "price": "1.00"}}, {"model": "recipes.ingredient", "pk": 39, "fields": {"name": "Gembersiroop", "amount": "2.00", "store": "AH", "category": 2, "description_of_amount": "Per eetlepel", "price": "1.00"}}, {"model": "recipes.ingredient", "pk": 40, "fields": {"name": "dijonmosterd", "amount": "2.00", "store": "SL", "category": 2, "description_of_amount": "Per theelepel", "price": "1.00"}}, {"model": "recipes.ingredient", "pk": 41, "fields": {"name": "koolzaadolie", "amount": "4.00", "store": "AH", "category": 2, "description_of_amount": "Per eetlepel", "price": "1.00"}}, {"model": "recipes.ingredient", "pk": 42, "fields": {"name": "pittige kiemgroenten", "amount": "60.00", "store": "SL", "category": 1, "description_of_amount": "Per gram", "price": "1.00"}}, {"model": "recipes.ingredient", "pk": 43, "fields": {"name": "Peulvruchtenkiemen", "amount": "100.00", "store": "SL", "category": 1, "description_of_amount": "Per gram", "price": "1.00"}}, {"model": "recipes.ingredient", "pk": 44, "fields": {"name": "sojaboontjes", "amount": "175.00", "store": "SL", "category": 1, "description_of_amount": "Per gram", "price": "1.00"}}, {"model": "recipes.ingredient", "pk": 45, "fields": {"name": "Blauwe druiven", "amount": "150.00", "store": "SL", "category": 7, "description_of_amount": "Per gram", "price": "1.00"}}, {"model": "recipes.ingredient", "pk": 46, "fields": {"name": "Zalm", "amount": "500.00", "store": "SL", "category": 4, "description_of_amount": "Per gram", "price": "1.00"}}, {"model": "recipes.ingredient", "pk": 47, "fields": {"name": "Bloemkool", "amount": "1.00", "store": "SL", "category": 1, "description_of_amount": "Per stuk", "price": "1.00"}}, {"model": "recipes.ingredient", "pk": 48, "fields": {"name": "Rijst", "amount": "400.00", "store": "AH", "category": 2, "description_of_amount": "Per gram", "price": "1.00"}}, {"model": "recipes.ingredient", "pk": 49, "fields": {"name": "Kokosmelk", "amount": "1.00", "store": "SL", "category": 11, "description_of_amount": "Per blikje (400ml)", "price": "1.00"}}, {"model": "recipes.ingredient", "pk": 50, "fields": {"name": "Doperwten", "amount": "400.00", "store": "AH", "category": 12, "description_of_amount": "Per gram", "price": "1.00"}}, {"model": "recipes.ingredient", "pk": 51, "fields": {"name": "Garam masala", "amount": "20.00", "store": "AH", "category": 6, "description_of_amount": "Per theelepel", "price": "1.00"}}, {"model": "recipes.ingredient", "pk": 52, "fields": {"name": "Cashewnoten", "amount": "200.00", "store": "AH", "category": 13, "description_of_amount": "Per gram", "price": "1.00"}}, {"model": "recipes.ingredient", "pk": 53, "fields": {"name": "Eieren", "amount": "10.00", "store": "SL", "category": 2, "description_of_amount": "Per stuk", "price": "1.00"}}, {"model": "recipes.ingredient", "pk": 54, "fields": {"name": "Spekjes", "amount": "2.00", "store": "SL", "category": 10, "description_of_amount": "Per bakje", "price": "1.00"}}, {"model": "recipes.ingredient", "pk": 55, "fields": {"name": "Brood", "amount": "30.00", "store": "AH", "category": 3, "description_of_amount": "Per snee", "price": "1.00"}}, {"model": "recipes.ingredient", "pk": 56, "fields": {"name": "Kipfilet", "amount": "2.00", "store": "SL", "category": 5, "description_of_amount": "Per stuk", "price": "1.00"}}, {"model": "recipes.ingredient", "pk": 57, "fields": {"name": "Ansjovis", "amount": "1.00", "store": "AH", "category": 2, "description_of_amount": "Per blikje", "price": "1.00"}}, {"model": "recipes.ingredient", "pk": 58, "fields": {"name": "Plantaardige olie", "amount": "999.00", "store": "SL", "category": 2, "description_of_amount": "Per ml", "price": "1.00"}}, {"model": "recipes.ingredient", "pk": 59, "fields": {"name": "Mosterd", "amount": "1.00", "store": "AH", "category": 2, "description_of_amount": "Per stuk", "price": "1.00"}}, {"model": "recipes.ingredient", "pk": 60, "fields": {"name": "Azijn", "amount": "1.00", "store": "SL", "category": 2, "description_of_amount": "Per stuk", "price": "1.00"}}, {"model": "recipes.recipecategory", "pk": 1, "fields": {"name": "Soep"}}, {"model": "recipes.recipecategory", "pk": 2, "fields": {"name": "Mexicaans"}}, {"model": "recipes.recipecategory", "pk": 3, "fields": {"name": "Salades"}}, {"model": "recipes.recipecategory", "pk": 4, "fields": {"name": "Grieks"}}, {"model": "recipes.recipecategory", "pk": 5, "fields": {"name": "Curry"}}, {"model": "recipes.recipecame_from", "pk": 1, "fields": {"name": "Delicious"}}, {"model": "recipes.recipecame_from", "pk": 2, "fields": {"name": "Allerhande"}}, {"model": "recipes.recipecame_from", "pk": 3, "fields": {"name": "Internet"}}, {"model": "recipes.recipecame_from", "pk": 4, "fields": {"name": "Kookboek - made in India"}}, {"model": "recipes.recipe", "pk": 1, "fields": {"name": "Pompoensoep met garnalen", "method": "Ui, peper, knoflook, gember en citroengas snijden / kneuzen en aanfruiten\r\n\r\nPompoen in stukken snijden; toevoegen aan de rest. Even bakken.\r\n\r\nCa. 1/2e liter groentebouillon erbij en 30-40 min koken\r\n\r\nServeren met garnalen en stokbrood", "dateadded": "2016-09-09T12:54:09.199Z", "category": 1, "came_from": 1, "time": 30, "image": "recipes/pompoensoep_met_garnalen.jpg", "url": ""}}, {"model": "recipes.recipe", "pk": 2, "fields": {"name": "Wraps", "method": "Ui snijden, aanbakken. Knoflook snijden en na plm 10 minuten toevoegen.\r\nEven aanbakken en komijnzaad en korianderzaad toevoegen. Gehakt meebakken. Tomatenpuree toevoegen.\r\n\r\nOngeveer een halve liter (kokend) water toevoegen met runderbouillonblokje. Ongeveer 20 minuten laten koken; daarna inkoken.\r\n\r\nOndertussen \r\ntomatensalsa maken (wat ui, tomatenblokjes, citroensap en koriander)\r\nKomkommer snijden in plakjes\r\nWraps klaarleggen met creme fraiche", "dateadded": "2016-09-09T13:28:53.856Z", "category": 2, "came_from": 2, "time": 40, "image": "recipes/Wraps.PNG", "url": ""}}, {"model": "recipes.recipe", "pk": 3, "fields": {"name": "Salade Serranoham met pistachenoten", "method": "1. Maak een dressing van het citroensap, saladekruiden en olijfolie. Breng op smaak met peper en zout.\r\n\r\n2. Verdeel de sla over 4 bordjes. Drapeer de ham over de rucola en verdeel de blokjes augurk, tomaatjes en de pistachenoten erover.\r\n\r\n3. Besprenkel met de dressing.", "dateadded": "2016-09-09T14:59:37.359Z", "category": 3, "came_from": 3, "time": 15, "image": "recipes/Salade_serranoham_en_pistachenoten.jpg", "url": "http://www.telegraaf.nl/vrouw/23508062/__Salade_Serranoham_met_pistachenoten__.html"}}, {"model": "recipes.recipe", "pk": 4, "fields": {"name": "Griekse gehaktballen met pompoen en couscous", "method": "Verwarm oven voor op 200C\r\n\r\nCouscous in hittebestendige kom - roer 1el olie en zout, peper naar smaak door. Overgiet met 375ml kokendheet water en laat pl, 5 mn wellen\r\n\r\nwrijf komijn en koriander met 1tl sumak enigszins zijn\r\n\r\nmeng gehakt met knoflook, munt, uit en specerijenmengsel en de rest vd olie. draai er 16 ballen van\r\n\r\nRoer de couscous goed door en verdeel over de bodem van een braadslee. Verdeel de pompoen en de gehaktballetjes erover en verdeel de honing en de olie erover. Bak ca 30 min (of tot de balletjes goudbruin en gaar zijn en de pompoen zacht is)\r\n\r\nDe couscous op de bodem van de braadslee wordt een beetje knapperig.\r\n\r\nMeng de yoghurt met de citroensap en rasp. Sprenkel over de gehaktballetjes en strooi de rest van de munt erover.", "dateadded": "2016-09-09T16:52:10.140Z", "category": 4, "came_from": 1, "time": 30, "image": "recipes/20160909_190031.jpg", "url": ""}}, {"model": "recipes.recipe", "pk": 7, "fields": {"name": "Kiemensalade met zalm en sesamcrackers", "method": "Verwarm oven op 175 graden.\r\nMeng alle ingredi\u00ebnten voor de crackers met 250 ml water tot dik deeg.\r\nRol het tussen twee stukken bakpapier uit tot een plak van 30 bij 40 cm\r\nLeg op bakplaat en verwijder bovenste stuk bakpapier\r\nSnijd deeg in stukken van 5 bij 10 cm.\r\nBak de crackers 25 minuten. Draai de crackers om en bak nog 8 min.\r\nRook de zalm.\r\nKlop dressing van de gembersiroop, dijonmosterd en olie. Verdun met 2 eetlepels water en breng op smaak met peper en zout. \r\nSnijd blaadjes sla los en verdeel over bord met taug\u00e9, kiemen, sojaboontjes en druiven. \r\nVerdeel zalm over de salade en lepel dressing erover, serveer met crackers", "dateadded": "2016-09-10T06:25:34.648Z", "category": 3, "came_from": 1, "time": 50, "image": "recipes/tortillas.jpg", "url": ""}}, {"model": "recipes.recipe", "pk": 8, "fields": {"name": "Bloemkoolcurry", "method": "Ui snijden en bakken. \r\n\r\nPasta maken van peper, gember en knoflook.\r\n\r\nBloemkoolroosjes maken.\r\n\r\nPasta meebakken; korianderpoeder en komijnpoeder toevoegen en meebakken - tomatenpuree toevoegen.\r\n\r\nBloemkoolroosjes toevoegen en meebakken totdat ze mooi bedekt zijn.\r\n\r\nKokosmelk toevoegen en koken voor ongeveer 10 min (of tot de roosjes gaar zijn).\r\n\r\nDoperwten toevoegen met Garam Masala.\r\n\r\nRijst opzetten\r\n\r\nServeren met rijst, cashewnoten en verse koriander", "dateadded": "2016-09-10T07:00:14.229Z", "category": 5, "came_from": 4, "time": 30, "image": "recipes/tortillas_i3B9F37.jpg", "url": ""}}, {"model": "recipes.recipe", "pk": 9, "fields": {"name": "Cesar salade", "method": "Bak de spekjes uit\r\nSnij de croutons van het brood\r\nAls de spekjes klaar zijn dan het brood bakken\r\nAls dat klaar is de kip bakken.\r\n\r\nOndertussen:\r\nDressing maken\r\n1 ei en een eidooier in een pot\r\nMosterd\r\nBeetje azijn\r\nAnsjovis\r\n400 ml olie\r\nBlender erin en klaar\r\n\r\nSla maken; mayo toevoegen en roeren.\r\n\r\nKip trancheren.\r\n\r\nSalade serveren met kip, croutons, ansjovis, olijven en spekjes", "dateadded": "2016-09-10T07:07:55.104Z", "category": 3, "came_from": 3, "time": 15, "image": "recipes/caesar-salade-kip-john-torode.jpg", "url": "http://www.okokorecepten.nl/recept/salade/caesar-salade/caesar-salade-kip-john-torode"}}, {"model": "recipes.recipeingredient", "pk": 1, "fields": {"recipe": 1, "ingredient": 1, "amount": "1.00"}}, {"model": "recipes.recipeingredient", "pk": 2, "fields": {"recipe": 1, "ingredient": 2, "amount": "1.00"}}, {"model": "recipes.recipeingredient", "pk": 3, "fields": {"recipe": 1, "ingredient": 3, "amount": "1.00"}}, {"model": "recipes.recipeingredient", "pk": 4, "fields": {"recipe": 1, "ingredient": 4, "amount": "1.00"}}, {"model": "recipes.recipeingredient", "pk": 5, "fields": {"recipe": 1, "ingredient": 5, "amount": "1.00"}}, {"model": "recipes.recipeingredient", "pk": 6, "fields": {"recipe": 1, "ingredient": 6, "amount": "1.00"}}, {"model": "recipes.recipeingredient", "pk": 7, "fields": {"recipe": 1, "ingredient": 7, "amount": "1.00"}}, {"model": "recipes.recipeingredient", "pk": 8, "fields": {"recipe": 1, "ingredient": 8, "amount": "1.00"}}, {"model": "recipes.recipeingredient", "pk": 9, "fields": {"recipe": 1, "ingredient": 9, "amount": "1.00"}}, {"model": "recipes.recipeingredient", "pk": 10, "fields": {"recipe": 2, "ingredient": 5, "amount": "3.00"}}, {"model": "recipes.recipeingredient", "pk": 11, "fields": {"recipe": 2, "ingredient": 3, "amount": "2.00"}}, {"model": "recipes.recipeingredient", "pk": 12, "fields": {"recipe": 2, "ingredient": 10, "amount": "500.00"}}, {"model": "recipes.recipeingredient", "pk": 13, "fields": {"recipe": 2, "ingredient": 11, "amount": "1.00"}}, {"model": "recipes.recipeingredient", "pk": 14, "fields": {"recipe": 2, "ingredient": 12, "amount": "1.00"}}, {"model": "recipes.recipeingredient", "pk": 15, "fields": {"recipe": 2, "ingredient": 13, "amount": "1.00"}}, {"model": "recipes.recipeingredient", "pk": 16, "fields": {"recipe": 2, "ingredient": 14, "amount": "1.00"}}, {"model": "recipes.recipeingredient", "pk": 17, "fields": {"recipe": 2, "ingredient": 15, "amount": "4.00"}}, {"model": "recipes.recipeingredient", "pk": 18, "fields": {"recipe": 2, "ingredient": 16, "amount": "0.50"}}, {"model": "recipes.recipeingredient", "pk": 19, "fields": {"recipe": 2, "ingredient": 17, "amount": "0.50"}}, {"model": "recipes.recipeingredient", "pk": 20, "fields": {"recipe": 2, "ingredient": 18, "amount": "150.00"}}, {"model": "recipes.recipeingredient", "pk": 21, "fields": {"recipe": 2, "ingredient": 19, "amount": "1.00"}}, {"model": "recipes.recipeingredient", "pk": 22, "fields": {"recipe": 3, "ingredient": 20, "amount": "4.00"}}, {"model": "recipes.recipeingredient", "pk": 23, "fields": {"recipe": 3, "ingredient": 21, "amount": "1.00"}}, {"model": "recipes.recipeingredient", "pk": 24, "fields": {"recipe": 3, "ingredient": 16, "amount": "1.00"}}, {"model": "recipes.recipeingredient", "pk": 25, "fields": {"recipe": 3, "ingredient": 22, "amount": "200.00"}}, {"model": "recipes.recipeingredient", "pk": 26, "fields": {"recipe": 3, "ingredient": 23, "amount": "12.00"}}, {"model": "recipes.recipeingredient", "pk": 27, "fields": {"recipe": 3, "ingredient": 24, "amount": "5.00"}}, {"model": "recipes.recipeingredient", "pk": 28, "fields": {"recipe": 4, "ingredient": 25, "amount": "400.00"}}, {"model": "recipes.recipeingredient", "pk": 29, "fields": {"recipe": 4, "ingredient": 26, "amount": "300.00"}}, {"model": "recipes.recipeingredient", "pk": 30, "fields": {"recipe": 4, "ingredient": 11, "amount": "1.00"}}, {"model": "recipes.recipeingredient", "pk": 31, "fields": {"recipe": 4, "ingredient": 12, "amount": "1.00"}}, {"model": "recipes.recipeingredient", "pk": 32, "fields": {"recipe": 4, "ingredient": 27, "amount": "50.00"}}, {"model": "recipes.recipeingredient", "pk": 33, "fields": {"recipe": 4, "ingredient": 28, "amount": "50.00"}}, {"model": "recipes.recipeingredient", "pk": 34, "fields": {"recipe": 4, "ingredient": 3, "amount": "3.00"}}, {"model": "recipes.recipeingredient", "pk": 35, "fields": {"recipe": 4, "ingredient": 29, "amount": "1.00"}}, {"model": "recipes.recipeingredient", "pk": 36, "fields": {"recipe": 4, "ingredient": 5, "amount": "1.00"}}, {"model": "recipes.recipeingredient", "pk": 37, "fields": {"recipe": 4, "ingredient": 30, "amount": "1.00"}}, {"model": "recipes.recipeingredient", "pk": 38, "fields": {"recipe": 4, "ingredient": 31, "amount": "1.00"}}, {"model": "recipes.recipeingredient", "pk": 39, "fields": {"recipe": 4, "ingredient": 32, "amount": "1.00"}}, {"model": "recipes.recipeingredient", "pk": 40, "fields": {"recipe": 4, "ingredient": 16, "amount": "1.00"}}, {"model": "recipes.recipeingredient", "pk": 69, "fields": {"recipe": 7, "ingredient": 33, "amount": "1.00"}}, {"model": "recipes.recipeingredient", "pk": 70, "fields": {"recipe": 7, "ingredient": 34, "amount": "1.00"}}, {"model": "recipes.recipeingredient", "pk": 71, "fields": {"recipe": 7, "ingredient": 35, "amount": "1.00"}}, {"model": "recipes.recipeingredient", "pk": 72, "fields": {"recipe": 7, "ingredient": 36, "amount": "1.00"}}, {"model": "recipes.recipeingredient", "pk": 73, "fields": {"recipe": 7, "ingredient": 37, "amount": "1.00"}}, {"model": "recipes.recipeingredient", "pk": 74, "fields": {"recipe": 7, "ingredient": 38, "amount": "1.00"}}, {"model": "recipes.recipeingredient", "pk": 75, "fields": {"recipe": 7, "ingredient": 27, "amount": "1.00"}}, {"model": "recipes.recipeingredient", "pk": 76, "fields": {"recipe": 7, "ingredient": 39, "amount": "1.00"}}, {"model": "recipes.recipeingredient", "pk": 77, "fields": {"recipe": 7, "ingredient": 40, "amount": "1.00"}}, {"model": "recipes.recipeingredient", "pk": 78, "fields": {"recipe": 7, "ingredient": 41, "amount": "1.00"}}, {"model": "recipes.recipeingredient", "pk": 79, "fields": {"recipe": 7, "ingredient": 42, "amount": "1.00"}}, {"model": "recipes.recipeingredient", "pk": 80, "fields": {"recipe": 7, "ingredient": 43, "amount": "1.00"}}, {"model": "recipes.recipeingredient", "pk": 81, "fields": {"recipe": 7, "ingredient": 44, "amount": "1.00"}}, {"model": "recipes.recipeingredient", "pk": 82, "fields": {"recipe": 7, "ingredient": 45, "amount": "1.00"}}, {"model": "recipes.recipeingredient", "pk": 83, "fields": {"recipe": 7, "ingredient": 46, "amount": "1.00"}}, {"model": "recipes.recipeingredient", "pk": 84, "fields": {"recipe": 8, "ingredient": 47, "amount": "1.00"}}, {"model": "recipes.recipeingredient", "pk": 85, "fields": {"recipe": 8, "ingredient": 9, "amount": "3.00"}}, {"model": "recipes.recipeingredient", "pk": 86, "fields": {"recipe": 8, "ingredient": 2, "amount": "1.00"}}, {"model": "recipes.recipeingredient", "pk": 87, "fields": {"recipe": 8, "ingredient": 3, "amount": "2.00"}}, {"model": "recipes.recipeingredient", "pk": 88, "fields": {"recipe": 8, "ingredient": 15, "amount": "4.00"}}, {"model": "recipes.recipeingredient", "pk": 89, "fields": {"recipe": 8, "ingredient": 48, "amount": "200.00"}}, {"model": "recipes.recipeingredient", "pk": 90, "fields": {"recipe": 8, "ingredient": 13, "amount": "1.00"}}, {"model": "recipes.recipeingredient", "pk": 91, "fields": {"recipe": 8, "ingredient": 5, "amount": "2.00"}}, {"model": "recipes.recipeingredient", "pk": 92, "fields": {"recipe": 8, "ingredient": 11, "amount": "1.00"}}, {"model": "recipes.recipeingredient", "pk": 93, "fields": {"recipe": 8, "ingredient": 12, "amount": "1.00"}}, {"model": "recipes.recipeingredient", "pk": 94, "fields": {"recipe": 8, "ingredient": 49, "amount": "1.00"}}, {"model": "recipes.recipeingredient", "pk": 95, "fields": {"recipe": 8, "ingredient": 50, "amount": "100.00"}}, {"model": "recipes.recipeingredient", "pk": 96, "fields": {"recipe": 8, "ingredient": 51, "amount": "3.00"}}, {"model": "recipes.recipeingredient", "pk": 97, "fields": {"recipe": 8, "ingredient": 52, "amount": "100.00"}}, {"model": "recipes.recipeingredient", "pk": 98, "fields": {"recipe": 9, "ingredient": 33, "amount": "5.00"}}, {"model": "recipes.recipeingredient", "pk": 99, "fields": {"recipe": 9, "ingredient": 53, "amount": "2.00"}}, {"model": "recipes.recipeingredient", "pk": 100, "fields": {"recipe": 9, "ingredient": 54, "amount": "1.00"}}, {"model": "recipes.recipeingredient", "pk": 101, "fields": {"recipe": 9, "ingredient": 55, "amount": "3.00"}}, {"model": "recipes.recipeingredient", "pk": 102, "fields": {"recipe": 9, "ingredient": 56, "amount": "2.00"}}, {"model": "recipes.recipeingredient", "pk": 103, "fields": {"recipe": 9, "ingredient": 57, "amount": "2.00"}}, {"model": "recipes.recipeingredient", "pk": 104, "fields": {"recipe": 9, "ingredient": 58, "amount": "400.00"}}, {"model": "recipes.recipeingredient", "pk": 105, "fields": {"recipe": 9, "ingredient": 59, "amount": "1.00"}}, {"model": "recipes.recipeingredient", "pk": 106, "fields": {"recipe": 9, "ingredient": 60, "amount": "1.00"}}, {"model": "recipes.recipelist", "pk": 2, "fields": {"name": "Recipe lists history", "dateadded": "2016-09-10T07:10:38.738Z"}}, {"model": "recipes.recipelist", "pk": 3, "fields": {"name": "Recipe List", "dateadded": "2016-09-10T07:10:56.221Z"}}, {"model": "recipes.reciperecipelist", "pk": 8, "fields": {"recipe": 1, "recipelist": 2}}, {"model": "recipes.reciperecipelist", "pk": 9, "fields": {"recipe": 1, "recipelist": 2}}, {"model": "recipes.reciperecipelist", "pk": 10, "fields": {"recipe": 2, "recipelist": 2}}, {"model": "recipes.reciperecipelist", "pk": 11, "fields": {"recipe": 3, "recipelist": 2}}, {"model": "recipes.reciperecipelist", "pk": 12, "fields": {"recipe": 4, "recipelist": 2}}, {"model": "recipes.reciperecipelist", "pk": 13, "fields": {"recipe": 7, "recipelist": 2}}, {"model": "recipes.reciperecipelist", "pk": 14, "fields": {"recipe": 8, "recipelist": 3}}, {"model": "recipes.reciperecipelist", "pk": 15, "fields": {"recipe": 9, "recipelist": 3}}, {"model": "recipes.reciperecipelist", "pk": 16, "fields": {"recipe": 4, "recipelist": 3}}, {"model": "recipes.reciperecipelist", "pk": 17, "fields": {"recipe": 7, "recipelist": 3}}, {"model": "recipes.reciperecipelist", "pk": 18, "fields": {"recipe": 1, "recipelist": 3}}, {"model": "recipes.reciperecipelist", "pk": 19, "fields": {"recipe": 2, "recipelist": 3}}, {"model": "recipes.shoppinglist", "pk": 4, "fields": {"name": "All ingredients (not aggregated)", "dateadded": "2016-09-10T07:11:10.406Z"}}, {"model": "recipes.shoppinglist", "pk": 5, "fields": {"name": "Shopping List", "dateadded": "2016-09-10T07:11:12.131Z"}}, {"model": "recipes.shoppinglistingredient", "pk": 142, "fields": {"ingredient": 47, "shoppinglist": 4, "amount": "1.00"}}, {"model": "recipes.shoppinglistingredient", "pk": 143, "fields": {"ingredient": 9, "shoppinglist": 4, "amount": "0.19"}}, {"model": "recipes.shoppinglistingredient", "pk": 144, "fields": {"ingredient": 3, "shoppinglist": 4, "amount": "0.12"}}, {"model": "recipes.shoppinglistingredient", "pk": 145, "fields": {"ingredient": 15, "shoppinglist": 4, "amount": "0.27"}}, {"model": "recipes.shoppinglistingredient", "pk": 146, "fields": {"ingredient": 2, "shoppinglist": 4, "amount": "0.17"}}, {"model": "recipes.shoppinglistingredient", "pk": 147, "fields": {"ingredient": 5, "shoppinglist": 4, "amount": "0.25"}}, {"model": "recipes.shoppinglistingredient", "pk": 148, "fields": {"ingredient": 48, "shoppinglist": 4, "amount": "0.50"}}, {"model": "recipes.shoppinglistingredient", "pk": 149, "fields": {"ingredient": 13, "shoppinglist": 4, "amount": "1.00"}}, {"model": "recipes.shoppinglistingredient", "pk": 150, "fields": {"ingredient": 51, "shoppinglist": 4, "amount": "0.15"}}, {"model": "recipes.shoppinglistingredient", "pk": 151, "fields": {"ingredient": 11, "shoppinglist": 4, "amount": "0.00"}}, {"model": "recipes.shoppinglistingredient", "pk": 152, "fields": {"ingredient": 12, "shoppinglist": 4, "amount": "0.00"}}, {"model": "recipes.shoppinglistingredient", "pk": 153, "fields": {"ingredient": 49, "shoppinglist": 4, "amount": "1.00"}}, {"model": "recipes.shoppinglistingredient", "pk": 154, "fields": {"ingredient": 50, "shoppinglist": 4, "amount": "0.25"}}, {"model": "recipes.shoppinglistingredient", "pk": 155, "fields": {"ingredient": 52, "shoppinglist": 4, "amount": "0.50"}}, {"model": "recipes.shoppinglistingredient", "pk": 156, "fields": {"ingredient": 33, "shoppinglist": 4, "amount": "5.00"}}, {"model": "recipes.shoppinglistingredient", "pk": 157, "fields": {"ingredient": 57, "shoppinglist": 4, "amount": "2.00"}}, {"model": "recipes.shoppinglistingredient", "pk": 158, "fields": {"ingredient": 60, "shoppinglist": 4, "amount": "1.00"}}, {"model": "recipes.shoppinglistingredient", "pk": 159, "fields": {"ingredient": 53, "shoppinglist": 4, "amount": "0.20"}}, {"model": "recipes.shoppinglistingredient", "pk": 160, "fields": {"ingredient": 59, "shoppinglist": 4, "amount": "1.00"}}, {"model": "recipes.shoppinglistingredient", "pk": 161, "fields": {"ingredient": 58, "shoppinglist": 4, "amount": "0.40"}}, {"model": "recipes.shoppinglistingredient", "pk": 162, "fields": {"ingredient": 55, "shoppinglist": 4, "amount": "0.10"}}, {"model": "recipes.shoppinglistingredient", "pk": 163, "fields": {"ingredient": 56, "shoppinglist": 4, "amount": "1.00"}}, {"model": "recipes.shoppinglistingredient", "pk": 164, "fields": {"ingredient": 54, "shoppinglist": 4, "amount": "0.50"}}, {"model": "recipes.shoppinglistingredient", "pk": 165, "fields": {"ingredient": 16, "shoppinglist": 4, "amount": "0.17"}}, {"model": "recipes.shoppinglistingredient", "pk": 166, "fields": {"ingredient": 30, "shoppinglist": 4, "amount": "1.00"}}, {"model": "recipes.shoppinglistingredient", "pk": 167, "fields": {"ingredient": 3, "shoppinglist": 4, "amount": "0.19"}}, {"model": "recipes.shoppinglistingredient", "pk": 168, "fields": {"ingredient": 5, "shoppinglist": 4, "amount": "0.12"}}, {"model": "recipes.shoppinglistingredient", "pk": 169, "fields": {"ingredient": 29, "shoppinglist": 4, "amount": "1.00"}}, {"model": "recipes.shoppinglistingredient", "pk": 170, "fields": {"ingredient": 26, "shoppinglist": 4, "amount": "1.50"}}, {"model": "recipes.shoppinglistingredient", "pk": 171, "fields": {"ingredient": 31, "shoppinglist": 4, "amount": "1.00"}}, {"model": "recipes.shoppinglistingredient", "pk": 172, "fields": {"ingredient": 27, "shoppinglist": 4, "amount": "50.00"}}, {"model": "recipes.shoppinglistingredient", "pk": 173, "fields": {"ingredient": 25, "shoppinglist": 4, "amount": "1.00"}}, {"model": "recipes.shoppinglistingredient", "pk": 174, "fields": {"ingredient": 11, "shoppinglist": 4, "amount": "0.00"}}, {"model": "recipes.shoppinglistingredient", "pk": 175, "fields": {"ingredient": 12, "shoppinglist": 4, "amount": "0.00"}}, {"model": "recipes.shoppinglistingredient", "pk": 176, "fields": {"ingredient": 28, "shoppinglist": 4, "amount": "50.00"}}, {"model": "recipes.shoppinglistingredient", "pk": 177, "fields": {"ingredient": 32, "shoppinglist": 4, "amount": "1.00"}}, {"model": "recipes.shoppinglistingredient", "pk": 178, "fields": {"ingredient": 33, "shoppinglist": 4, "amount": "1.00"}}, {"model": "recipes.shoppinglistingredient", "pk": 179, "fields": {"ingredient": 43, "shoppinglist": 4, "amount": "0.01"}}, {"model": "recipes.shoppinglistingredient", "pk": 180, "fields": {"ingredient": 42, "shoppinglist": 4, "amount": "0.02"}}, {"model": "recipes.shoppinglistingredient", "pk": 181, "fields": {"ingredient": 44, "shoppinglist": 4, "amount": "0.01"}}, {"model": "recipes.shoppinglistingredient", "pk": 182, "fields": {"ingredient": 40, "shoppinglist": 4, "amount": "0.50"}}, {"model": "recipes.shoppinglistingredient", "pk": 183, "fields": {"ingredient": 39, "shoppinglist": 4, "amount": "0.50"}}, {"model": "recipes.shoppinglistingredient", "pk": 184, "fields": {"ingredient": 35, "shoppinglist": 4, "amount": "1.00"}}, {"model": "recipes.shoppinglistingredient", "pk": 185, "fields": {"ingredient": 41, "shoppinglist": 4, "amount": "0.25"}}, {"model": "recipes.shoppinglistingredient", "pk": 186, "fields": {"ingredient": 27, "shoppinglist": 4, "amount": "1.00"}}, {"model": "recipes.shoppinglistingredient", "pk": 187, "fields": {"ingredient": 34, "shoppinglist": 4, "amount": "1.00"}}, {"model": "recipes.shoppinglistingredient", "pk": 188, "fields": {"ingredient": 37, "shoppinglist": 4, "amount": "0.01"}}, {"model": "recipes.shoppinglistingredient", "pk": 189, "fields": {"ingredient": 36, "shoppinglist": 4, "amount": "0.02"}}, {"model": "recipes.shoppinglistingredient", "pk": 190, "fields": {"ingredient": 46, "shoppinglist": 4, "amount": "0.00"}}, {"model": "recipes.shoppinglistingredient", "pk": 191, "fields": {"ingredient": 38, "shoppinglist": 4, "amount": "0.00"}}, {"model": "recipes.shoppinglistingredient", "pk": 192, "fields": {"ingredient": 45, "shoppinglist": 4, "amount": "0.01"}}, {"model": "recipes.shoppinglistingredient", "pk": 193, "fields": {"ingredient": 4, "shoppinglist": 4, "amount": "0.33"}}, {"model": "recipes.shoppinglistingredient", "pk": 194, "fields": {"ingredient": 9, "shoppinglist": 4, "amount": "0.06"}}, {"model": "recipes.shoppinglistingredient", "pk": 195, "fields": {"ingredient": 3, "shoppinglist": 4, "amount": "0.06"}}, {"model": "recipes.shoppinglistingredient", "pk": 196, "fields": {"ingredient": 1, "shoppinglist": 4, "amount": "1.00"}}, {"model": "recipes.shoppinglistingredient", "pk": 197, "fields": {"ingredient": 2, "shoppinglist": 4, "amount": "0.17"}}, {"model": "recipes.shoppinglistingredient", "pk": 198, "fields": {"ingredient": 5, "shoppinglist": 4, "amount": "0.12"}}, {"model": "recipes.shoppinglistingredient", "pk": 199, "fields": {"ingredient": 6, "shoppinglist": 4, "amount": "0.10"}}, {"model": "recipes.shoppinglistingredient", "pk": 200, "fields": {"ingredient": 7, "shoppinglist": 4, "amount": "0.50"}}, {"model": "recipes.shoppinglistingredient", "pk": 201, "fields": {"ingredient": 8, "shoppinglist": 4, "amount": "1.00"}}, {"model": "recipes.shoppinglistingredient", "pk": 202, "fields": {"ingredient": 16, "shoppinglist": 4, "amount": "0.08"}}, {"model": "recipes.shoppinglistingredient", "pk": 203, "fields": {"ingredient": 3, "shoppinglist": 4, "amount": "0.12"}}, {"model": "recipes.shoppinglistingredient", "pk": 204, "fields": {"ingredient": 17, "shoppinglist": 4, "amount": "0.50"}}, {"model": "recipes.shoppinglistingredient", "pk": 205, "fields": {"ingredient": 15, "shoppinglist": 4, "amount": "0.27"}}, {"model": "recipes.shoppinglistingredient", "pk": 206, "fields": {"ingredient": 14, "shoppinglist": 4, "amount": "0.10"}}, {"model": "recipes.shoppinglistingredient", "pk": 207, "fields": {"ingredient": 5, "shoppinglist": 4, "amount": "0.38"}}, {"model": "recipes.shoppinglistingredient", "pk": 208, "fields": {"ingredient": 13, "shoppinglist": 4, "amount": "1.00"}}, {"model": "recipes.shoppinglistingredient", "pk": 209, "fields": {"ingredient": 10, "shoppinglist": 4, "amount": "1.00"}}, {"model": "recipes.shoppinglistingredient", "pk": 210, "fields": {"ingredient": 11, "shoppinglist": 4, "amount": "0.00"}}, {"model": "recipes.shoppinglistingredient", "pk": 211, "fields": {"ingredient": 12, "shoppinglist": 4, "amount": "0.00"}}, {"model": "recipes.shoppinglistingredient", "pk": 212, "fields": {"ingredient": 18, "shoppinglist": 4, "amount": "0.60"}}, {"model": "recipes.shoppinglistingredient", "pk": 213, "fields": {"ingredient": 19, "shoppinglist": 4, "amount": "1.00"}}, {"model": "recipes.shoppinglistingredient", "pk": 214, "fields": {"ingredient": 43, "shoppinglist": 5, "amount": "0.01"}}, {"model": "recipes.shoppinglistingredient", "pk": 215, "fields": {"ingredient": 34, "shoppinglist": 5, "amount": "1.00"}}, {"model": "recipes.shoppinglistingredient", "pk": 216, "fields": {"ingredient": 25, "shoppinglist": 5, "amount": "1.00"}}, {"model": "recipes.shoppinglistingredient", "pk": 217, "fields": {"ingredient": 32, "shoppinglist": 5, "amount": "1.00"}}, {"model": "recipes.shoppinglistingredient", "pk": 218, "fields": {"ingredient": 12, "shoppinglist": 5, "amount": "0.00"}}, {"model": "recipes.shoppinglistingredient", "pk": 219, "fields": {"ingredient": 8, "shoppinglist": 5, "amount": "1.00"}}, {"model": "recipes.shoppinglistingredient", "pk": 220, "fields": {"ingredient": 58, "shoppinglist": 5, "amount": "0.40"}}, {"model": "recipes.shoppinglistingredient", "pk": 221, "fields": {"ingredient": 1, "shoppinglist": 5, "amount": "1.00"}}, {"model": "recipes.shoppinglistingredient", "pk": 222, "fields": {"ingredient": 10, "shoppinglist": 5, "amount": "1.00"}}, {"model": "recipes.shoppinglistingredient", "pk": 223, "fields": {"ingredient": 26, "shoppinglist": 5, "amount": "1.50"}}, {"model": "recipes.shoppinglistingredient", "pk": 224, "fields": {"ingredient": 42, "shoppinglist": 5, "amount": "0.02"}}, {"model": "recipes.shoppinglistingredient", "pk": 225, "fields": {"ingredient": 11, "shoppinglist": 5, "amount": "0.00"}}, {"model": "recipes.shoppinglistingredient", "pk": 226, "fields": {"ingredient": 18, "shoppinglist": 5, "amount": "0.60"}}, {"model": "recipes.shoppinglistingredient", "pk": 227, "fields": {"ingredient": 59, "shoppinglist": 5, "amount": "1.00"}}, {"model": "recipes.shoppinglistingredient", "pk": 228, "fields": {"ingredient": 16, "shoppinglist": 5, "amount": "0.25"}}, {"model": "recipes.shoppinglistingredient", "pk": 229, "fields": {"ingredient": 39, "shoppinglist": 5, "amount": "0.50"}}, {"model": "recipes.shoppinglistingredient", "pk": 230, "fields": {"ingredient": 54, "shoppinglist": 5, "amount": "0.50"}}, {"model": "recipes.shoppinglistingredient", "pk": 231, "fields": {"ingredient": 47, "shoppinglist": 5, "amount": "1.00"}}, {"model": "recipes.shoppinglistingredient", "pk": 232, "fields": {"ingredient": 3, "shoppinglist": 5, "amount": "0.49"}}, {"model": "recipes.shoppinglistingredient", "pk": 233, "fields": {"ingredient": 51, "shoppinglist": 5, "amount": "0.15"}}, {"model": "recipes.shoppinglistingredient", "pk": 234, "fields": {"ingredient": 41, "shoppinglist": 5, "amount": "0.25"}}, {"model": "recipes.shoppinglistingredient", "pk": 235, "fields": {"ingredient": 31, "shoppinglist": 5, "amount": "1.00"}}, {"model": "recipes.shoppinglistingredient", "pk": 236, "fields": {"ingredient": 35, "shoppinglist": 5, "amount": "1.00"}}, {"model": "recipes.shoppinglistingredient", "pk": 237, "fields": {"ingredient": 52, "shoppinglist": 5, "amount": "0.50"}}, {"model": "recipes.shoppinglistingredient", "pk": 238, "fields": {"ingredient": 5, "shoppinglist": 5, "amount": "0.87"}}, {"model": "recipes.shoppinglistingredient", "pk": 239, "fields": {"ingredient": 13, "shoppinglist": 5, "amount": "2.00"}}, {"model": "recipes.shoppinglistingredient", "pk": 240, "fields": {"ingredient": 49, "shoppinglist": 5, "amount": "1.00"}}, {"model": "recipes.shoppinglistingredient", "pk": 241, "fields": {"ingredient": 44, "shoppinglist": 5, "amount": "0.01"}}, {"model": "recipes.shoppinglistingredient", "pk": 242, "fields": {"ingredient": 9, "shoppinglist": 5, "amount": "0.25"}}, {"model": "recipes.shoppinglistingredient", "pk": 243, "fields": {"ingredient": 37, "shoppinglist": 5, "amount": "0.01"}}, {"model": "recipes.shoppinglistingredient", "pk": 244, "fields": {"ingredient": 7, "shoppinglist": 5, "amount": "0.50"}}, {"model": "recipes.shoppinglistingredient", "pk": 245, "fields": {"ingredient": 45, "shoppinglist": 5, "amount": "0.01"}}, {"model": "recipes.shoppinglistingredient", "pk": 246, "fields": {"ingredient": 14, "shoppinglist": 5, "amount": "0.10"}}, {"model": "recipes.shoppinglistingredient", "pk": 247, "fields": {"ingredient": 46, "shoppinglist": 5, "amount": "0.00"}}, {"model": "recipes.shoppinglistingredient", "pk": 248, "fields": {"ingredient": 48, "shoppinglist": 5, "amount": "0.50"}}, {"model": "recipes.shoppinglistingredient", "pk": 249, "fields": {"ingredient": 55, "shoppinglist": 5, "amount": "0.10"}}, {"model": "recipes.shoppinglistingredient", "pk": 250, "fields": {"ingredient": 27, "shoppinglist": 5, "amount": "51.00"}}, {"model": "recipes.shoppinglistingredient", "pk": 251, "fields": {"ingredient": 28, "shoppinglist": 5, "amount": "50.00"}}, {"model": "recipes.shoppinglistingredient", "pk": 252, "fields": {"ingredient": 17, "shoppinglist": 5, "amount": "0.50"}}, {"model": "recipes.shoppinglistingredient", "pk": 253, "fields": {"ingredient": 36, "shoppinglist": 5, "amount": "0.02"}}, {"model": "recipes.shoppinglistingredient", "pk": 254, "fields": {"ingredient": 15, "shoppinglist": 5, "amount": "0.54"}}, {"model": "recipes.shoppinglistingredient", "pk": 255, "fields": {"ingredient": 38, "shoppinglist": 5, "amount": "0.00"}}, {"model": "recipes.shoppinglistingredient", "pk": 256, "fields": {"ingredient": 30, "shoppinglist": 5, "amount": "1.00"}}, {"model": "recipes.shoppinglistingredient", "pk": 257, "fields": {"ingredient": 4, "shoppinglist": 5, "amount": "0.33"}}, {"model": "recipes.shoppinglistingredient", "pk": 258, "fields": {"ingredient": 60, "shoppinglist": 5, "amount": "1.00"}}, {"model": "recipes.shoppinglistingredient", "pk": 259, "fields": {"ingredient": 50, "shoppinglist": 5, "amount": "0.25"}}, {"model": "recipes.shoppinglistingredient", "pk": 260, "fields": {"ingredient": 33, "shoppinglist": 5, "amount": "6.00"}}, {"model": "recipes.shoppinglistingredient", "pk": 261, "fields": {"ingredient": 56, "shoppinglist": 5, "amount": "1.00"}}, {"model": "recipes.shoppinglistingredient", "pk": 262, "fields": {"ingredient": 40, "shoppinglist": 5, "amount": "0.50"}}, {"model": "recipes.shoppinglistingredient", "pk": 263, "fields": {"ingredient": 6, "shoppinglist": 5, "amount": "0.10"}}, {"model": "recipes.shoppinglistingredient", "pk": 264, "fields": {"ingredient": 53, "shoppinglist": 5, "amount": "0.20"}}, {"model": "recipes.shoppinglistingredient", "pk": 265, "fields": {"ingredient": 19, "shoppinglist": 5, "amount": "1.00"}}, {"model": "recipes.shoppinglistingredient", "pk": 266, "fields": {"ingredient": 29, "shoppinglist": 5, "amount": "1.00"}}, {"model": "recipes.shoppinglistingredient", "pk": 267, "fields": {"ingredient": 2, "shoppinglist": 5, "amount": "0.34"}}, {"model": "recipes.shoppinglistingredient", "pk": 268, "fields": {"ingredient": 57, "shoppinglist": 5, "amount": "2.00"}}]